-- --------------------------------------------------------
-- Host:                         127.0.0.1
-- Server version:               10.4.32-MariaDB - mariadb.org binary distribution
-- Server OS:                    Win64
-- HeidiSQL Version:             12.13.0.7147
-- --------------------------------------------------------

/*!40101 SET @OLD_CHARACTER_SET_CLIENT=@@CHARACTER_SET_CLIENT */;
/*!40101 SET NAMES utf8 */;
/*!50503 SET NAMES utf8mb4 */;
/*!40103 SET @OLD_TIME_ZONE=@@TIME_ZONE */;
/*!40103 SET TIME_ZONE='+00:00' */;
/*!40014 SET @OLD_FOREIGN_KEY_CHECKS=@@FOREIGN_KEY_CHECKS, FOREIGN_KEY_CHECKS=0 */;
/*!40101 SET @OLD_SQL_MODE=@@SQL_MODE, SQL_MODE='NO_AUTO_VALUE_ON_ZERO' */;
/*!40111 SET @OLD_SQL_NOTES=@@SQL_NOTES, SQL_NOTES=0 */;


-- Dumping database structure for sdhire
CREATE DATABASE IF NOT EXISTS `sdhire` /*!40100 DEFAULT CHARACTER SET utf8mb4 COLLATE utf8mb4_general_ci */;
USE `sdhire`;

-- Dumping structure for table sdhire.general_orders
CREATE TABLE IF NOT EXISTS `general_orders` (
  `order_ID` int(11) NOT NULL AUTO_INCREMENT,
  `orderType` enum('Coding','Graphic','Writing','Translation','Tutor','Photo','Music','Document','Mechanic','Moo','รับจ้างทั่วไป','เขียนโปรแกรม','กราฟิกดีไซน์','ตัดต่อวิดีโอ','แปลภาษา','การศึกษา','ถ่ายภาพ','ดนตรีและเสียง','เอกสาร','ซ่อมแซม','สายมู','อื่นๆ') DEFAULT NULL,
  `budjet` decimal(10,0) DEFAULT NULL,
  `post_date` timestamp NOT NULL DEFAULT current_timestamp(),
  `deadline` timestamp NULL DEFAULT NULL,
  `title` varchar(250) DEFAULT NULL,
  `general_id` int(11) DEFAULT NULL,
  `des_cript` text DEFAULT NULL,
  PRIMARY KEY (`order_ID`),
  KEY `general_id` (`general_id`),
  CONSTRAINT `general_orders_ibfk_1` FOREIGN KEY (`general_id`) REFERENCES `userdata` (`ID`) ON DELETE SET NULL
) ENGINE=InnoDB AUTO_INCREMENT=27 DEFAULT CHARSET=utf8mb4 COLLATE=utf8mb4_general_ci;

-- Dumping data for table sdhire.general_orders: ~4 rows (approximately)
DELETE FROM `general_orders`;
INSERT INTO `general_orders` (`order_ID`, `orderType`, `budjet`, `post_date`, `deadline`, `title`, `general_id`, `des_cript`) VALUES
	(1, 'เขียนโปรแกรม', 1000, '2026-02-01 19:09:06', '2026-02-02 19:09:08', 'หาคนเขียนweb', 55, NULL),
	(6, 'เขียนโปรแกรม', 100, '2026-02-03 22:20:10', '2026-02-09 03:00:00', 'qq', 58, 'qq'),
	(7, 'อื่นๆ', 800, '2026-02-10 05:44:51', '0000-00-00 00:00:00', 'oreo', 64, 'buy oreo pls'),
	(8, 'เขียนโปรแกรม', 500, '2026-02-10 06:45:32', '2026-02-12 17:00:00', 'หาคนสร้างเว็บขายสินค้า', 66, 'เว็บทั่วไปขายพวกสินค้าออนไลน์'),
	(10, 'เอกสาร', 12000, '2026-02-11 15:16:24', '2026-02-12 17:00:00', 'ฉันหาHR ADMIN(ธุรการ)', 66, 'บรีฟงาน\r\nHR + Admin (ธุรการ)\r\nเวลางาน: จันทร์–ศุกร์ 12:00 – 22:00 น.\r\n\r\nหน้าที่ที่ต้องรับผิดชอบ\r\n• ดูแลเอกสารพนักงานทั้งหมด\r\n• จัดการเงินเดือนในแต่ละเดือน\r\n• ดูแลค่าน้ำ ค่าไฟ ค่าเช่าของบริษัท\r\n• งานธุรการทั่วไป\r\n\r\nคุณสมบัติ\r\n• ใช้คอมพิวเตอร์พื้นฐานได้\r\n• จัดเอกสารเป็นระเบียบ\r\n• มีความรับผิดชอบสูง'),
	(11, 'กราฟิกดีไซน์', 500, '2026-02-11 15:17:36', '2026-02-20 17:00:00', 'ฉันหาคนวาดรูปแมว 10 ตัว ', 66, 'บรีฟงาน\r\nวาดรูปหมา 2 ตัว แมว 7ตัว อย่างละ 1 รูป \r\nมีเรฟให้ งานด่วน ขอภายใน3 วัน\r\nไม่ระบุสไตล์ ได้ทุกแบบ สนใจทักมาคุยก่อนได้'),
	(12, 'เอกสาร', 15000, '2026-02-11 15:44:13', '2026-02-25 17:00:00', 'ฉันหาคนช่วยจัดระบบข้อมูลหลังบ้าน', 64, 'บรีฟงาน\r\nหาคนช่วย "จัดระบบข้อมูลหลังบ้าน" ให้เป็นระเบียบ ใช้งานง่ายและดึงรายงานได้จริง เพื่อช่วยให้ทีมทำงานไวขึ้น หา/จัดเก็บข้อมูลหรือไฟล์ที่จะใช้ได้ง่าย\r\n\r\n✅รายละเอียดงาน\r\n• จัดระเบียบฐานข้อมูลลูกค้า (Customer Database) และสร้างโฟเดอร์/ไฟล์บน Google Workspace\r\n• วางระบบ Tracking พื้นฐาน (เช่น ข้อมูลลูกค้า, สถานะ, การติดตามงาน)\r\n• ออกแบบและทำ Google Sheets Template สำหรับกรอกข้อมูล (ดูสบายตา ใช้งานง่าย ไม่ซับซ้อนสำหรับคนไม่เก่ง gg sheet)\r\n• ทำเทมเพลตสรุป Data / ดึง Report ตามช่วงเวลา (รายวัน/รายสัปดาห์/รายเดือน)\r\n• รวบรวม/จัดทำ Dashboard เบื้องต้น\r\n• ทำคู่มือสั้น ๆ ให้ทีม ใช้งานต่อได้ \r\n\r\n✅ เครื่องมือที่ใช้\r\n• Google Workspace (Google Sheets / Drive / Docs) เป็นหลัก'),
	(13, 'ดนตรีและเสียง', 1500, '2026-02-11 15:45:04', '2026-02-13 17:00:00', 'ฉันหาจ้างลงเสียงสคริปต์สั้น (300 คำ) แนวสมาธิ/สะกดจิต เน้นพูดช้าๆ', 64, 'บรีฟงาน\r\nเนื้อหา: บทนำสมาธิ + บทสวดมนต์สั้นๆ\r\n\r\nความยาวอัดจริง: ประมาณ 5-7 นาที (บทพูดน้อย แต่เน้นพูดช้ามากและเว้นวรรคเยอะ)\r\n\r\nสไตล์: ผู้ชาย เสียงทุ้มลึก (Deep Voice) อัดแบบ Proximity Effect (พูดใกล้ไมค์)\r\n\r\nหมายเหตุ: ในไฟล์แนบเห็น Time code ยาว 20 นาทีไม่ต้องตกใจนะครับ ให้อัดแค่รอบเดียวตามตัวหนังสือ เดี๋ยวผมเอาไปตัดต่อวนลูปเองครับ'),
	(14, 'อื่นๆ', 1000, '2026-02-11 15:46:01', '2026-02-14 17:00:00', 'ฉันหาหาคนให้ยืมที่ print รูปขนาดพกพา ยืม 3 วัน (13-15 กพ) ค่าฟิล์มจ่ายต่างหาก ขอคนอยู่แถวบางนา', 64, 'บรีฟงาน\r\n-จะขอยืมที่ print รูปขนาดพกพา พร้อมกระดาษ phot or film (ค่าฟิล์มจ่ายตามจริงต่างหาก)\r\n-ขอคนอยู่แถวบางนาหรือไม่ไกลมากจากที่นี่ ของส่งแกรป เก็บค่าส่งปลายทางได้เลยค่ะ\r\n-รูปใช้ประมาณ 20 รูป\r\n-คืนของภายในวันอาทิตย์ ใช้ของช่วงเช้าวันศุกร์'),
	(15, 'อื่นๆ', 6000, '2026-02-11 15:47:44', '2026-02-26 17:00:00', 'ฉันหานักตรวจสอบบัญชี', 61, 'บรีฟงาน\r\nเรียน ท่านผู้สอบบัญชีครับ\r\nคณะกรรมการนิติบุคคลชุดใหม่ (เพิ่งรับตำแหน่งเดือน ธ.ค. 68) มีความประสงค์หาผู้สอบบัญชี (CPA) มาช่วยตรวจสอบงบการเงินปี 2568 เพื่อ "ตัดยอดรับมอบงาน" จากชุดเก่าให้ถูกต้องตามกฎหมายครับ\r\nรายละเอียดงาน:\r\n1. ตรวจสอบและรับรองงบการเงินปี 2568 (รอยต่อกรรมการชุดเก่า 11 เดือน / ชุดใหม่ 1 เดือน)\r\n2. สถานะเอกสาร: มีสมุดบัญชีธนาคาร (Passbook) ครบถ้วนทุกเล่ม และมีรายงานรับ-จ่ายเบื้องต้น\r\n3. วัตถุประสงค์: เพื่อใช้ในการประชุมใหญ่สมาชิก และยื่นสำนักงานที่ดินจังหวัดระยอง (ปลวกแดง)\r\nสิ่งที่เราต้องการ:\r\n• ผู้สอบบัญชีที่เข้าใจงานนิติบุคคลหมู่บ้าน (หรือพร้อมให้คำแนะนำเบื้องต้น)\r\n• สามารถสรุปยอดเงินคงเหลือ ณ วันรับมอบงาน (ต้นเดือน ธ.ค. 68) ได้ชัดเจน'),
	(16, 'แปลภาษา', 500, '2026-02-11 15:48:42', '2026-02-12 17:00:00', 'ฉันหาคนรับทำ powerpoint ภาษาอังกฤษ/ไทย', 61, '1. นำข้อมูลที่ต้องการทำลง powerpoint จุดเด่นที่สำคัญ อยากให้มีความโปร สวยงาม อ่านง่าย และดูเป็นทางการ มีกลิ่นอายความเป็นเกาหลี\r\n2. ค้นหาข้อมูลเพิ่มเติมและแปลเป็นภาษาอังกฤษ/ไทย ลงใน powerpoint '),
	(17, 'รับจ้างทั่วไป', 600, '2026-02-11 15:52:21', '2026-02-12 17:00:00', 'ฉันหาทำสวน กวาดใบไม้', 61, 'กวาดใบไม้นอกบ้าน บ้านประมาณ 65 ตรว, ตัดแต่งต้นไม้รอบๆบ้าน ด้วย ถอนวัชพืชเล็กๆ ที่แซมขึ้นมา ย่านราชพฤกษ์ '),
	(18, 'ซ่อมแซม', 750, '2026-02-11 15:54:19', '2026-02-20 17:00:00', 'ฉันหาช่างล้างแอร์ รามอินทรา กม.8 = 1 เครื่อง ', 55, 'มีช่างล้างแอร์แถว รามอินทรา กม.8 ไหมค่ะ \r\nราคามิตรภาพ จริงใจ ชัดเจน ไม่บวกแรง \r\nไม่มีค่าเดินทาง ขอช่างระแวงใกล้ๆ \r\nชั้น 2 ห้องโล่ง ถอดบานเกล็ด ปืนออกทางหน้าต่าง\r\nถ้าบริการดี จะใช้ต่อเนื่อง (กำลังจะติดแอร์ที่บ้านเพิ่มอีก 2 ตัว'),
	(19, 'การศึกษา', 250, '2026-02-11 15:55:00', '2026-02-19 17:00:00', 'ฉันหาคนรับเขียนแผนการสอน', 55, '📌 รับสมัครผู้เขียนแผนการสอนวิชาภาษาอังกฤษ (Outsource)\r\nจำนวน 224 แผน\r\nรูปแบบงาน: มีฟอร์มแผนการสอนให้แล้ว แก้ไขเฉพาะส่วนที่กำหนด\r\nคุณสมบัติ:\r\n ✔ จบครูเอกอังกฤษหรือสาขาที่เกี่ยวข้อง\r\n ✔ เข้าใจตัวชี้วัด / หลักสูตรแกนกลางการศึกษาขั้นพื้นฐาน\r\n ✔ วิเคราะห์เนื้อหาจากโปรแกรม Winner English ได้\r\n ✔ เขียนเชิงวิชาการได้ถูกต้อง\r\n\r\nเงื่อนไขการพิจารณา: ทางทีมงานมี Test เขียนแผนการสอนจำนวน 1 Unit (มีไกด์ไลน์และข้อมูลให้) เพื่อประเมินความถนัดและความเข้าใจรูปแบบงานก่อนเซ็นสัญญา'),
	(20, 'การศึกษา', 500, '2026-02-11 15:56:34', '2026-02-10 17:00:00', 'ฉันหาหาคนติว/สอนพิเศษ', 55, 'หาคนสอนพิเศษ วิชา  ปฏิบัติการโปรแกรมเชิงวัตถุ (Object-Oriented Programming Laboratory)\r\nเวลาค่อยคุยกันได้ค่ะ ขอราคากันเอง ไม่กดดันไม่ดุเกินไป '),
	(21, 'ถ่ายภาพ', 750, '2026-02-11 16:00:03', '2026-02-13 17:00:00', 'ฉันหาหาเช่าเลนส์กล้องราขบุรี Nikon 85mm ', 55, 'ต้องการใช้งานเลนส์กล้อง 14-15 นี้  \r\nราชบุรีเท่านั้น ใครมีเลนส์กล้อง ทักมาได้เลยครับ\r\nตอบไวมากกก ขอบคุณมากๆครับ'),
	(22, 'ตัดต่อวิดีโอ', 200, '2026-02-11 16:01:05', '2026-02-12 17:00:00', 'ฉันหาคนตัดต่อคลิปวิดีโอ งบประหยัด', 66, 'มีฟุตเทจให้\r\nมีคนบรีฟให้ทุกฉาก\r\n\r\nหาคนที่ช่วยตัดคลิป ใช้ capcut หรือโปรแกรมตัดต่อได้ชำนาญ\r\nตัดต่อคลิปได้ไหลลื่น\r\n\r\n**คนที่ตัดต่อต้องมีความสามารถในการหา element หรือ insert อื่น ๆ ที่เกี่ยวข้องตามบรีฟได้ค่ะ\r\nส่วนใหญ่ไม่ยาก (บางครั้งใช้ภาพมีมแมวขำ ๆ มาแปะประกอบเพราะมันเข้ากับคลิป หรือภาพแคปหน้าจอในเพจขายของของเราเองเลยก็มีค่ะ)\r\n\r\nจ้างเป็นรายคลิป ทำถูกใจมีงานให้ยาว ๆ ค่ะ\r\nคลิป ประมาณ 1-1.30 นาที ไม่เกินนั้นค่ะ (คนเขียนก็เหนื่อยเหมือนกัน)\r\n\r\nสนใจแปะผลงานโลดด'),
	(23, 'รับจ้างทั่วไป', 600, '2026-02-11 16:02:41', '2026-02-11 17:00:00', 'ฉันหาหาช่างเดินสาย Lan', 66, 'หาช่างเดินสาย Lan CAT6 จากห้องนอนไปอีกห้องที่แยกกับตัวบ้าน โดยเดินสายร้อยท้อให้เรียบร้อย \r\n\r\n**จุดประสงค์คือต้องการเชื่อมสาย Lan เข้ากับเร้าเตอร์ในห้องนอนไปยังตัว Mesh wifi ที่อยู่ห้องที่แยกกับตัวบ้าน '),
	(24, 'เขียนโปรแกรม', 520, '2026-02-11 16:03:52', '2026-02-20 17:00:00', 'ฉันหาweb developer มาแก้ไข/ดูแลเว็บ Wordpress ค่าจ้างขึ้นกับลักษณะงาน', 64, 'เว็บไซต์ของบริษัททำจาก Wordpress เป็น theme ที่ค่อนข้างซับซ้อน อยากหา developer มาช่วยดังนี้ค่ะ\r\n\r\nเนื่องจากบริษัทไม่มี dev ที่คอยดูแลเว็บประจำ เลยอยากหา dev ที่จะมาช่วยดูแลเว็บให้ได้ ระยะยาว คือ หลายคร้้งจะมีงานที่ต้องการ dev ง่ายบ้าง ยากบ้าง แต่หลัก ๆ คือ อยากหาคนที่ทางบริษัทสามารถส่งงานให้ได้เรื่อย ๆ เนื่องจาก theme ค่อนข้างซับซ้อน ถ้าใช้คนเดิมช่วยดูแลให้น่าจะดีกว่าเปลี่ยนคนบ่อย ๆ เลยอยากหา dev ที่ส่งงานให้ได้ระยะยาว\r\n\r\nค่าจ้างจะขึ้นอยู่กับงานที่ส่งให้ช่วยแต่ละครั้ง\r\n\r\nตัวอย่างงาน\r\n\r\n1. ติดตั้ง Google Tag Manager\r\n\r\n2. แก้ไข ปรับปรุง function การทำงานของเว็บ เช่น ระบบ booking / email notifications/ ระบบ upload ข้อมูล\r\n\r\n3. ปรับปรุงความสวยงามของเว็บ \r\n\r\nคุณสมบัติ dev ที่มองหา\r\n\r\n1. ทำได้ทั้ง frontend /backend \r\n2. มีประสบการณ์ตรงมาก่อน + เข้าใจการทำงาน plug in ของเว็บ \r\n3. อ่านเขียนภาษาอังกฤษได้ \r\n4. ทำงานกับคนที่มาจากแบ็คกราวน์ non-tech ได้'),
	(25, 'อื่นๆ', 800, '2026-02-11 16:04:31', '2026-02-20 17:00:00', 'ฉันหาหาคนติดตั้ง Moltbot + support ได้ครับ', 64, 'หาคนติดตั้ง Moltbot ครับผมค่าบริการเท่าไหร่คุยกันได้เลยครับ ติดตั้งบน Macmini m2 ถ้าสามารถซัพพอร์ตในระยะยาวได้ด้วยจะดีมาก'),
	(26, 'เขียนโปรแกรม', 1500, '2026-02-11 16:05:11', '2026-02-12 17:00:00', 'ฉันหาอยากหาproject webapp landingpage react js html css js อยากหาประสบการณ์จริงครับเรียนอยู่อยากฝึกกับงานจริงขอค่าขนมนิดนึงก็พอแล้วครับ', 64, 'หาproject web ลองทำครับ เป็นนักศึกษาคณะเทคโนโลยีสารสนเทศ สนใจที่จะทำ webapp landing page web ด้วย React Js tailwind supabase  Html css js vercel ครับ');

-- Dumping structure for table sdhire.post_comments
CREATE TABLE IF NOT EXISTS `post_comments` (
  `comment_id` int(11) NOT NULL AUTO_INCREMENT,
  `order_id` int(11) NOT NULL,
  `user_id` int(11) NOT NULL,
  `comment_text` text NOT NULL,
  `created_at` datetime DEFAULT current_timestamp(),
  PRIMARY KEY (`comment_id`)
) ENGINE=InnoDB AUTO_INCREMENT=8 DEFAULT CHARSET=utf8mb4 COLLATE=utf8mb4_general_ci;

-- Dumping data for table sdhire.post_comments: ~7 rows (approximately)
DELETE FROM `post_comments`;
INSERT INTO `post_comments` (`comment_id`, `order_id`, `user_id`, `comment_text`, `created_at`) VALUES
	(1, 6, 58, 'สวัสดี', '2026-02-07 15:59:02'),
	(2, 1, 48, 'ผมสนใจครับ', '2026-02-08 11:22:28'),
	(3, 8, 63, 'สนใจครับ', '2026-02-10 14:21:12'),
	(4, 8, 48, 'รับทำครับ', '2026-02-11 14:38:48'),
	(5, 8, 65, 'รับครับ สนใจติดต่อได้ครับ', '2026-02-11 14:39:37'),
	(6, 8, 72, 'สนใจติดต่อได้ครับ', '2026-02-11 14:40:51'),
	(7, 8, 72, '.', '2026-02-11 14:40:56');

-- Dumping structure for table sdhire.review_likes
CREATE TABLE IF NOT EXISTS `review_likes` (
  `id` int(11) NOT NULL AUTO_INCREMENT,
  `review_id` int(11) NOT NULL,
  `user_id` int(11) NOT NULL,
  `created_at` timestamp NOT NULL DEFAULT current_timestamp(),
  PRIMARY KEY (`id`),
  UNIQUE KEY `unique_like` (`review_id`,`user_id`),
  KEY `user_id` (`user_id`),
  CONSTRAINT `review_likes_ibfk_1` FOREIGN KEY (`review_id`) REFERENCES `service_reviews` (`review_id`) ON DELETE CASCADE,
  CONSTRAINT `review_likes_ibfk_2` FOREIGN KEY (`user_id`) REFERENCES `userdata` (`ID`) ON DELETE CASCADE
) ENGINE=InnoDB AUTO_INCREMENT=14 DEFAULT CHARSET=utf8mb4 COLLATE=utf8mb4_general_ci;

-- Dumping data for table sdhire.review_likes: ~9 rows (approximately)
DELETE FROM `review_likes`;
INSERT INTO `review_likes` (`id`, `review_id`, `user_id`, `created_at`) VALUES
	(2, 6, 58, '2026-02-08 13:01:50'),
	(3, 7, 63, '2026-02-10 07:21:19'),
	(5, 7, 66, '2026-02-11 06:48:00'),
	(6, 8, 64, '2026-02-11 06:49:25'),
	(7, 7, 64, '2026-02-11 06:49:38'),
	(10, 8, 63, '2026-02-11 07:53:47'),
	(11, 10, 63, '2026-02-11 08:02:54'),
	(12, 9, 66, '2026-02-11 08:30:05'),
	(13, 10, 66, '2026-02-11 08:30:06');

-- Dumping structure for table sdhire.service_reviews
CREATE TABLE IF NOT EXISTS `service_reviews` (
  `review_id` int(11) NOT NULL AUTO_INCREMENT,
  `rating` int(11) NOT NULL CHECK (`rating` between 1 and 5),
  `comment` text DEFAULT NULL,
  `review_date` timestamp NOT NULL DEFAULT current_timestamp(),
  `reviewer_id` int(11) DEFAULT NULL,
  `student_id` int(11) DEFAULT NULL,
  `review_image` varchar(255) DEFAULT NULL,
  PRIMARY KEY (`review_id`),
  KEY `FK_service_reviews_reviewer` (`reviewer_id`),
  KEY `FK_service_reviews_student` (`student_id`),
  CONSTRAINT `FK_service_reviews_reviewer` FOREIGN KEY (`reviewer_id`) REFERENCES `userdata` (`ID`),
  CONSTRAINT `FK_service_reviews_student` FOREIGN KEY (`student_id`) REFERENCES `userdata` (`ID`)
) ENGINE=InnoDB AUTO_INCREMENT=11 DEFAULT CHARSET=utf8mb4 COLLATE=utf8mb4_general_ci;

-- Dumping data for table sdhire.service_reviews: ~6 rows (approximately)
DELETE FROM `service_reviews`;
INSERT INTO `service_reviews` (`review_id`, `rating`, `comment`, `review_date`, `reviewer_id`, `student_id`, `review_image`) VALUES
	(5, 2, 'sadasd', '2026-02-07 20:55:54', 58, 58, NULL),
	(6, 4, 'test reveiw', '2026-02-07 20:58:15', 37, 48, NULL),
	(7, 5, 'ทำงานดีมากครับ👍', '2026-02-10 06:42:48', 66, 63, NULL),
	(8, 4, 'วาดภาพสวยมากครับ❤️❤️', '2026-02-11 06:49:23', 64, 63, NULL),
	(9, 3, 'ค่อนข้างดี', '2026-02-11 06:51:10', 61, 63, NULL),
	(10, 2, 'อยากให้ลดการใช้สีนิดนึง', '2026-02-11 06:53:15', 55, 63, NULL);

-- Dumping structure for table sdhire.studentdata
CREATE TABLE IF NOT EXISTS `studentdata` (
  `studentID` int(11) NOT NULL,
  `facebook` varchar(250) DEFAULT NULL,
  `firstname` varchar(250) DEFAULT NULL,
  `lastname` varchar(250) DEFAULT NULL,
  `instagram` varchar(250) DEFAULT NULL,
  `line` varchar(250) DEFAULT NULL,
  `URL` varchar(250) DEFAULT NULL,
  `des_cription` text DEFAULT NULL,
  `Sgroup` enum('คณะเกษตรศาสตร์และทรัพยากรธรรมชาติ','คณะเทคโนโลยีสารสนเทศและการสื่อสาร','คณะนิติศาสตร์','คณะบริหารธุรกิจและนิเทศศาสตร์','คณะพยาบาลศาสตร์','คณะพลังงานและสิ่งแวดล้อม','คณะแพทยศาสตร์','คณะเภสัชศาสตร์','คณะรัฐศาสตร์และสังคมศาสตร์','คณะวิทยาศาสตร์','คณะวิทยาศาสตร์การแพทย์','คณะวิศวกรรมศาสตร์','คณะศิลปศาสตร์','คณะสถาปัตยกรรมศาสตร์และศิลปกรรมศาสตร์','คณะสหเวชศาสตร์','คณะสาธารณสุขศาสตร์','คณะทันตแพทยศาสตร์','วิทยาลัยการศึกษา') DEFAULT NULL,
  `email` varchar(250) DEFAULT NULL,
  PRIMARY KEY (`studentID`),
  KEY `email` (`email`),
  CONSTRAINT `studentdata_ibfk_1` FOREIGN KEY (`email`) REFERENCES `userdata` (`email`) ON DELETE CASCADE
) ENGINE=InnoDB DEFAULT CHARSET=utf8mb4 COLLATE=utf8mb4_general_ci;

-- Dumping data for table sdhire.studentdata: ~10 rows (approximately)
DELETE FROM `studentdata`;
INSERT INTO `studentdata` (`studentID`, `facebook`, `firstname`, `lastname`, `instagram`, `line`, `URL`, `des_cription`, `Sgroup`, `email`) VALUES
	(67021398, NULL, 'KANJANA', 'BAOTHONG', NULL, NULL, NULL, NULL, 'คณะเทคโนโลยีสารสนเทศและการสื่อสาร', '67021398@up.ac.th'),
	(67021668, NULL, 'L', 'J', NULL, NULL, NULL, NULL, 'คณะเทคโนโลยีสารสนเทศและการสื่อสาร', '67021668@up.ac.th'),
	(67021714, NULL, 'NUTHAPAT', 'SUKUNTAMALA', NULL, NULL, NULL, NULL, 'คณะเทคโนโลยีสารสนเทศและการสื่อสาร', '67021714@up.ac.th'),
	(67021804, NULL, 'TEERADON', 'CHANANPHON', NULL, NULL, NULL, NULL, 'คณะเทคโนโลยีสารสนเทศและการสื่อสาร', '67021804@up.ac.th'),
	(67021905, NULL, 'PORAMET', 'PHANCHAI', NULL, NULL, NULL, NULL, 'คณะเทคโนโลยีสารสนเทศและการสื่อสาร', '67021905@up.ac.th'),
	(67022063, 'facebooik', 'PAWAT', 'PAKKRET', 'asdasda', 'sadsad', 'link', 'hello,world', 'คณะเทคโนโลยีสารสนเทศและการสื่อสาร', '67022063@up.ac.th'),
	(67022064, 'facebooik', 'keawei', 'makmak', 'ig', 'line', 'lindk', 'hello,worlddd', 'คณะนิติศาสตร์', '67022064@up.ac.th'),
	(67022164, NULL, 'WARISARA', 'CHANKAEW', NULL, NULL, NULL, NULL, 'คณะเทคโนโลยีสารสนเทศและการสื่อสาร', '67022164@up.ac.th'),
	(67022221, NULL, 'SIRISAK', 'NGAMAEKAUDOMPHONG', NULL, NULL, NULL, NULL, 'คณะเทคโนโลยีสารสนเทศและการสื่อสาร', '67022221@up.ac.th'),
	(67026304, NULL, 'WARANYU', 'KHAMNOI', NULL, NULL, NULL, NULL, 'คณะเทคโนโลยีสารสนเทศและการสื่อสาร', '67026304@up.ac.th');

-- Dumping structure for table sdhire.user_job
CREATE TABLE IF NOT EXISTS `user_job` (
  `job_id` int(11) NOT NULL AUTO_INCREMENT,
  `ID` int(11) NOT NULL,
  `job` varchar(255) NOT NULL,
  `user_number` int(11) DEFAULT NULL,
  `job_type` enum('รับจ้างทั่วไป','เขียนโปรแกรม','กราฟิกดีไซน์','ตัดต่อวิดีโอ','แปลภาษา','การศึกษา','ถ่ายภาพ','ดนตรีและเสียง','เอกสาร','ซ่อมแซม','อื่นๆ','สายมู') DEFAULT NULL,
  `title` varchar(250) DEFAULT NULL,
  `budjet` decimal(10,2) DEFAULT NULL,
  `des_Cription` text DEFAULT NULL,
  `job_create` tinyint(4) DEFAULT 0,
  `created_at` timestamp NOT NULL DEFAULT current_timestamp(),
  `service_image` varchar(250) DEFAULT NULL,
  PRIMARY KEY (`job_id`),
  KEY `fk_user_job_id` (`ID`),
  CONSTRAINT `fk_user_job_id` FOREIGN KEY (`ID`) REFERENCES `userdata` (`ID`) ON DELETE CASCADE
) ENGINE=InnoDB AUTO_INCREMENT=27 DEFAULT CHARSET=utf8mb4 COLLATE=utf8mb4_general_ci;

-- Dumping data for table sdhire.user_job: ~9 rows (approximately)
DELETE FROM `user_job`;
INSERT INTO `user_job` (`job_id`, `ID`, `job`, `user_number`, `job_type`, `title`, `budjet`, `des_Cription`, `job_create`, `created_at`, `service_image`) VALUES
	(17, 65, '', NULL, 'แปลภาษา', 'yyy', 250.00, 'yyy to thai', 1, '2026-02-10 06:34:10', '1770801877347-0+ë§ëì§± í½í¬ë£¨ï½Picrew.jpg'),
	(19, 70, '', NULL, 'เขียนโปรแกรม', 'เขียนโปรแกรมมือโปร', 3000.00, '', 1, '2026-02-11 05:26:02', '1770787562330-0+Screenshot 2026-02-07 232708.png'),
	(20, 71, '', NULL, 'ซ่อมแซม', 'ช่างซ้อม', 1500.00, 'ราคาจับต้องได้ครับ ทักมาถามรายละเอียดก่อนได้ครับ', 1, '2026-02-11 05:38:25', '1770788305758-0+garage-repair (1).avif'),
	(21, 48, '', NULL, 'ตัดต่อวิดีโอ', 'ตัดต่อคลิป', 500.00, '', 1, '2026-02-11 05:42:06', '1770788526960-0+OIP.webp'),
	(22, 72, '', NULL, 'เขียนโปรแกรม', 'เขียนโปรแกรม', 200.00, 'ประสบการณ์ 10 ปี', 1, '2026-02-11 05:54:57', '1770789424132-0+à¸à¸à¸«à¸à¹à¸²à¸§à¸­à¹à¸.jpeg'),
	(23, 67, '', NULL, 'กราฟิกดีไซน์', 'ออกแบบโลโก้', 850.00, '" รายละเอียดที่จำเป็นต้องการเวลาคุยรายละเอียดงาน "\r\n1. ชื่อโลโก้ / แบรนด์ / บริษัท\r\n2. ธุรกิจประเภทใด\r\n3. โทนสี Mood&Tone ที่ต้องการ\r\n4. สัญลักษณ์พิเศษ / สัญลักษณ์โลโก้ที่ต้องการ\r\n5. ตัวอย่างโลโก้ที่ชอบ เพื่อเป็นไกด์ไลน์ของการออกแบบงาน\r\n\r\nหมายเหตุ : *งานโลโก้ตรายางไม่ควรมีลายเส้นที่เยอะเกินไปครับ เวลานำไปปั๊มเส้นจะไม่ชัดครับ\r\n\r\nเมื่อรวบรวมข้อมูลครบแล้ว เลือก Package ตามนี้\r\n\r\nขั้นตอนการทำงาน\r\n1. รับรายละเอียดงานจากลูกค้า\r\n2. ออกแบบ-แก้ไข-พัฒนา-ส่งงาน\r\n3. ไฟนอลงาน ส่งไฟล์ให้ลูกค้าอนุมัติ\r\n4. หลังอนุมัติ รีวิว\r\n5. ส่งไฟล์ให้ลูกค้าเก็บเพิ่มในเมลล์', 1, '2026-02-11 14:45:35', '1770821135417-0+69925e30-8b3a-48e4-ac90-20dd18199ff2.jpg'),
	(24, 68, '', NULL, 'ถ่ายภาพ', 'รับถ่ายงาานวิดีโอ Event, ธุรกิจ, สัมภาษณ์, Interview, MV, และอื่นๆ ตามตกลง', 2500.00, 'สามารถรับถ่ายงาานวิดีโอ Event, ธุรกิจ, สัมภาษณ์, Interview, MV, shortfilm และอื่นๆ\r\nอุปกรณ์ทีมงานและอุปกรณ์ระดับมืออาชีพพร้อมถ่ายในราคาเป็นกันเอง\r\n*สามารถถ่ายวิดีโอจากโดรนได้ ทีมงานมีโดรนด้วยครับ*\r\n\r\nรายละเอียดสามารถพูดคุย ตกลงกันก่อนรับงานได้ครับ\r\nตัวอย่างงาน:\r\nถ่ายสัมภาษณ์\r\nถ่าย Event\r\nถ่ายวิดีโอโปรโมท\r\nถ่ายงานแต่ง h\r\n\r\nขั้นตอนการทำงาน\r\n1. รับบรีฟ ความต้องการของลูกค้า\r\n2. ตกลงราคา และรายละเอียดของงานกับผู้ว่าจ้าง\r\n3. ลงมือทำ ถ่ายทำ ตามที่ลูกค้าว่าจ้าง\r\n4. ส่งมอบงานตามกำหนดให้กับลูกค้า \r\n5. จบงาน ส่งไฟล์ ผ่าน Google Drive หรือแล้วแต่ตกลงกับผู้ว่าจ้า', 1, '2026-02-11 14:56:54', '1770821814370-0+2cff87eb-1d67-49db-a5ef-26e9e2a58012.jpg'),
	(25, 69, '', NULL, 'ดนตรีและเสียง', 'แต่งเพลงไทย-สากล ร้อง/แรป แนว Pop, Hip Hop, Rap', 5000.00, 'รับแต่งเพลงไทย-สากล ร้อง แร็ป แนว Pop, Hiphop, Rap \r\nงานเพลงโฆษณา สินค้า Online เพลงแคมเปญ Tiktok\r\nเพลงสำหรับศิลปินเดี่ยว หรือ Girlgroup, Boyband \r\nร้องไกด์ ลงเสียงโฆษณา งานร้อง ทำดนตรี มิกซ์เสียง \r\n\r\nรายละเอียดการทำงาน\r\n* แต่งเพลงท่อนร้อง-ท่อนแร็ป\r\n* ไกด์เสียง (ในกรณีที่ลูกค้านำไปร้องเอง)\r\n* ลงเสียงร้อง (สำหรับลูกค้าที่ต้องการงาน Master)\r\n* ทำดนตรีใหม่ (ตามแบบที่ลูกค้าต้องการ) \r\n* MIX&MASTER ลิขสิทธิ์เป็นของลูกค้า\r\n\r\nเข้ามาสอบถามก่อนได้นะคะ ราคาสามารถยืดหยุ่นได้ตามลักษณะงานที่ลูกค้าต้องการ\r\n\r\n\r\n\r\nขั้นตอนการทำงาน\r\n1. คุยรายละเอียด ลูกค้าแจ้งรายละเอียดความต้องการ เช่น แนวเพลง ความยาวของเพลง ฯลฯ\r\n2. ลูกค้าชำระเงินเข้าระบบ Fastwork\r\n3. หลังชำระเงินเข้าระบบแล้ว ฟรีแลนซ์จะเริ่มทำงานตามขั้นตอนที่ได้แจ้งไว้ในแพคเกจ\r\n4. ส่ง Demo ให้ลูกค้าตรวจสอบและแก้ไข \r\n5. เสร็จงาน ส่งไฟล์งานทางระบบ', 1, '2026-02-11 15:03:52', '1770822232053-0+4b5c4e64-8180-41ba-9e12-a2c957dc8d71.jpg'),
	(26, 63, '', NULL, 'รับจ้างทั่วไป', 'บริการทำความสะอาดบ้าน คอนโด ทาวน์เฮ้าส์', 250.00, '🪄บริการทำความสะอาดบ้าน คอนโด และสำนักงาน\r\n📍 พื้นที่จังหวัดพะเยา และจังหวัดใกล้เคียง\r\n\r\n🧹 Big cleaning\r\n🧹ทำความสะอาดทั่วทั้งในบ้านและนอกบ้าน\r\n🧹ซักพรม เเละเฟอร์นิเจอร์ภายในบ้าน\r\n🧹และอื่นๆตามความต้องการของลูกค้า\r\n\r\n🏠 ประเมินหน้างานฟรี‼️\r\n🤵🏻ทำความสะอาดบ้านด้วยทีมงานมืออาชีพ🤵🏻‍♀️', 1, '2026-02-11 15:13:01', '1770822781024-0+4938c82e-cbdc-4065-bf6b-a64b10c219d2.png');

-- Dumping structure for table sdhire.userdata
CREATE TABLE IF NOT EXISTS `userdata` (
  `ID` int(11) NOT NULL AUTO_INCREMENT,
  `username` varchar(100) NOT NULL,
  `email` varchar(150) NOT NULL,
  `userPhoneNumber` varchar(15) DEFAULT NULL,
  `pass_word` varchar(255) NOT NULL,
  `profile_image` varchar(255) DEFAULT 'default_profile.png',
  `roles` enum('student','general','admin','dev') NOT NULL,
  `register_date` date DEFAULT curdate(),
  `line` varchar(250) DEFAULT NULL,
  `instagram` varchar(250) DEFAULT NULL,
  `facebook` varchar(250) DEFAULT NULL,
  `url` varchar(250) DEFAULT NULL,
  PRIMARY KEY (`ID`),
  UNIQUE KEY `email` (`email`)
) ENGINE=InnoDB AUTO_INCREMENT=73 DEFAULT CHARSET=utf8mb4 COLLATE=utf8mb4_general_ci;

-- Dumping data for table sdhire.userdata: ~15 rows (approximately)
DELETE FROM `userdata`;
INSERT INTO `userdata` (`ID`, `username`, `email`, `userPhoneNumber`, `pass_word`, `profile_image`, `roles`, `register_date`, `line`, `instagram`, `facebook`, `url`) VALUES
	(37, 'asdsadsada', '67022064@up.ac.th', '1111111', '$2b$10$5cbslRdPj1Mk4Q9XhKQ7rO.Hc8Hoes9pH9ll6hWW2JjbQlV9nzQC6', '', 'student', '2026-02-01', NULL, NULL, NULL, NULL),
	(48, 'pawatza', '67022063@up.ac.th', '08916964551111', '$2b$10$CRLaM..D7HyzfPXGrh/c0umcLQX/qEPKeDSgtmHyyZ19NXl4H1/dG', '1770108530457-0+fba6e0db-67a1-4d6c-87f7-622c7f46f023.jpg', 'student', '2026-02-02', NULL, NULL, NULL, NULL),
	(55, 'keawei', 'keaweiwa@gmail.com', '0891696455', '$2b$10$ZQkSsJyT2S39n3XM93YpYuFHjfh3OcKjlDxvhcLOxHEH8F.HKf10e', '1770792767488-0+888888.jpg', 'general', '2026-02-02', NULL, NULL, NULL, NULL),
	(58, 'Ren', 'opkm776@gmail.com', '084 368 6580', '$2b$10$K/y.trsoxCwLVPuFvUPNHOOEm8c4NJh9j96B4BVE.I9EB3/GSsnIe', '1770190527346-0+NSHM_PHOTO_2025_12_31_20_11_10.jpg', 'general', '2026-02-03', NULL, NULL, NULL, NULL),
	(61, 'pawatgen', 'bsspawat@gmail.com', '0807454997', '$2b$10$OFvwBvuAzy.La/Do8PHk6uwgH0tNM866YGFz15c7rX06Lml8dvTL2', '1770551462699-0+fba6e0db-67a1-4d6c-87f7-622c7f46f023.jpg', 'general', '2026-02-08', '09866933632', 'p.pawat_bass2', 'pawatza2', 'sadas2'),
	(63, 'Poramet', '67021905@up.ac.th', '0631584850', '$2b$10$5MjbBxLo5P1YwZlw7EJNV.f.6Yb2QTiTTDTOv70m478yTtq7KyOZ2', '1770708091433-0+Kitaro on TikTok.jpg', 'student', '2026-02-10', '', '', 'Poramet Phanchai', ''),
	(64, '52XR0', 'icannotanswer154@gmail.com', '0875945142', '$2b$10$KtFWkPa7zj30D.0Wam2bzuH0yfK8A4aRd68IY4jeXekXbqw6HeS1y', '1770702181699-0+sheepy pp.jpg', 'general', '2026-02-10', 'fivezagttv', 'five555154', 'ณัฐภัทร สุคันธมาลา', ''),
	(65, '5toXRZero', '67021714@up.ac.th', '0875945142', '$2b$10$bSILV1//IV9hvXAS1mUVcuk2IXwuHd77RmL6uedBvy2znwWRVx8hm', '1770801851293-0+à¹à¸à¸£à¹à¸à¸¥à¹01.jpg', 'student', '2026-02-10', '', '', 'ณัฐภัทร สุคันธมาลา', ''),
	(66, 'Zeqarix', 'porametq7@gmail.com', '0631584850', '$2b$10$sFrq51/S3DVUaXsbNc2JNukqlNyljsT97RN5tOwdbT2aJ02ZU1EGa', '1770747369207-0+download (7).jpg', 'general', '2026-02-10', '-', 'prxmtr_xr', 'Poramet Phanchai', ''),
	(67, 'Waranyu', '67026304@up.ac.th', '0919909971', '$2b$10$lgV9N8LQpddKgLKbiEOxRuezOcP1iNg7XTCi778OdZoqFKKqy7Oqm', '1770821159778-0+download.jpg', 'student', '2026-02-10', '-', '-', '-', '-'),
	(68, 'Xszz19', '67022164@up.ac.th', '0987863611', '$2b$10$ZN5mnnMLeLc2IC6Il3iVt.OJ6zlH9DkdAL.dcBIxfQQVSgHli2f9S', '1770714544357-0+download (1).jpg', 'student', '2026-02-10', '', '', '', ''),
	(69, 'Kafew', '67022221@up.ac.th', '0969696969', '$2b$10$QfacADxBhd/cjkQo/k758.hmUiCc7qxY5whKJ2sqy/UE3YecsoTeS', '1770714817268-0+download (6).jpg', 'student', '2026-02-10', '-', '-', '-', '-'),
	(70, 'beamie', '67021398@up.ac.th', '0997900940', '$2b$10$3G4kZW5snB4x0IYhVIzAMeL8LdFVw2uNTmgxbAy2tXWXqW/5vqpsa', '1770787387896-0+à¸à¸à¹à¸ 2.png', 'student', '2026-02-11', 'kanjan_25', '', '', ''),
	(71, 'phu', '67021668@up.ac.th', '-', '$2b$10$i7QhguwKBK2CDfOY0McW5eHhIHn6kgyrto1kdERpar2D5kAd9UjTa', '1770788098494-0+8.jpg', 'student', '2026-02-11', '', '', '', ''),
	(72, 'Teeradon', '67021804@up.ac.th', '', '$2b$10$cXzx9eszcMG9vplY5vIlbOfZMKL9XQvQfDY1/Wa7JtJOFj4LIBEcm', '1770789146547-0+ëë.jpg', 'student', '2026-02-11', '', '', '', '');

/*!40103 SET TIME_ZONE=IFNULL(@OLD_TIME_ZONE, 'system') */;
/*!40101 SET SQL_MODE=IFNULL(@OLD_SQL_MODE, '') */;
/*!40014 SET FOREIGN_KEY_CHECKS=IFNULL(@OLD_FOREIGN_KEY_CHECKS, 1) */;
/*!40101 SET CHARACTER_SET_CLIENT=@OLD_CHARACTER_SET_CLIENT */;
/*!40111 SET SQL_NOTES=IFNULL(@OLD_SQL_NOTES, 1) */;
